symbol,company_name,current_price,window_max,window_min,drop_pct,rise_pct,latest_event,check_time
A,,115.61000061035156,124.88999938964844,109.9000015258789,0.05195631487892276,-0.07430537933100552,,2026-05-08T19:57:01
AAPL,,293.2799987792969,294.760009765625,245.50999450683594,0.19457458083699658,-0.0050210711673708336,DROP,2026-05-08T19:57:01
ABBV,,201.47999572753906,220.4499969482422,190.75,0.056251615871764415,-0.08605126551739962,,2026-05-08T19:57:01
ABNB,,141.47000122070312,147.1999969482422,121.51000213623047,0.1642663051070856,-0.03892660221694039,DROP,2026-05-08T19:57:01
ABT,,84.30000305175781,105.45999908447266,84.13009643554688,0.002019569968532071,-0.20064475835777174,RISE,2026-05-08T19:57:01
ACGL,,93.80999755859375,99.68000030517578,91.44000244140625,0.02591858107950256,-0.05888847039135931,,2026-05-08T19:57:01
ACN,,180.5,202.16000366210938,172.52000427246094,0.046255480697393506,-0.10714287331687997,RISE,2026-05-08T19:57:01
ADBE,,253.10000610351562,259.42999267578125,224.14999389648438,0.12915464195997603,-0.024399594306647617,DROP,2026-05-08T19:57:01
ADI,,416.510009765625,418.75,300.55999755859375,0.38577992130981087,-0.005349230410447761,DROP,2026-05-08T19:57:01
ADM,,77.6500015258789,81.75,66.05999755859375,0.17544663026977983,-0.05015288653359136,DROP,2026-05-08T19:57:01
ADP,,213.0800018310547,216.54989624023438,188.16000366210938,0.13244046388145114,-0.016023533002898712,DROP,2026-05-08T19:57:01
ADSK,,244.4499969482422,255.13499450683594,214.10000610351562,0.14175614189404828,-0.04187978046385739,DROP,2026-05-08T19:57:01
AEE,,109.06500244140625,115.58499908447266,107.69999694824219,0.01267414607096088,-0.056408674955315055,,2026-05-08T19:57:01
AEP,,130.1300048828125,139.44000244140625,128.32000732421875,0.014105341764987074,-0.06676704959544075,,2026-05-08T19:57:01
AES,,14.3100004196167,14.520000457763672,13.989999771118164,0.02287352778655255,-0.014462812088596604,,2026-05-08T19:57:01
AFL,,113.08999633789062,117.05999755859375,106.34500122070312,0.06342559631166182,-0.0339142431530973,,2026-05-08T19:57:01
AIG,,76.36000061035156,79.7699966430664,72.94000244140625,0.04688782635691089,-0.04274785227800608,,2026-05-08T19:57:01
AIZ,,239.6999969482422,241.7899932861328,212.1199951171875,0.1300207546007998,-0.008643849604716007,DROP,2026-05-08T19:57:01
AJG,,198.8699951171875,226.0,194.14999389648438,0.02431110671690108,-0.12004426939297566,RISE,2026-05-08T19:57:01
AKAM,,147.67999267578125,149.75999450683594,88.5,0.6687004822122176,-0.013888901624924564,DROP,2026-05-08T19:57:01
ALB,,203.52999877929688,221.0,170.2899932861328,0.1951964695735935,-0.07904977927919966,DROP,2026-05-08T19:57:01
ALGN,,168.8000030517578,200.25,163.28500366210938,0.03377529635887931,-0.15705366765664014,RISE,2026-05-08T19:57:01
ALL,,213.07000732421875,222.22500610351562,201.61000061035156,0.05684245166000351,-0.04119697841309697,,2026-05-08T19:57:01
ALLE,,134.27999877929688,149.25999450683594,131.22000122070312,0.023319597089829638,-0.1003617598743312,RISE,2026-05-08T19:57:01
AMAT,,435.4649963378906,438.0,320.69000244140625,0.3579001310384008,-0.00578767959385702,DROP,2026-05-08T19:57:01
AMCR,,39.939998626708984,42.494998931884766,36.66999816894531,0.08917372841684335,-0.06012472924805084,,2026-05-08T19:57:01
AMD,,455.0,454.79998779296875,192.86500549316406,1.359163078011719,0.00043978059014878056,DROP,2026-05-08T19:57:01
AME,,232.4199981689453,243.17999267578125,207.32000732421875,0.12106883059035291,-0.0442470385348751,DROP,2026-05-08T19:57:01
AMGN,,331.7300109863281,359.44500732421875,320.5299987792969,0.034942165318956914,-0.07710496953124112,,2026-05-08T19:57:01
AMP,,465.55999755859375,487.05999755859375,422.3699951171875,0.10225632251510453,-0.044142405674392364,DROP,2026-05-08T19:57:01
AMT,,176.5399932861328,184.11000061035156,167.97000122070312,0.051020968048748186,-0.0411167633432354,,2026-05-08T19:57:01
AMZN,,272.67999267578125,278.55999755859375,199.13999938964844,0.3692879055515128,-0.02110857601359531,DROP,2026-05-08T19:57:01
ANET,,141.77999877929688,179.8000030517578,115.41999816894531,0.22838330470051882,-0.2114571948117063,RISE,2026-05-08T19:57:01
AON,,312.8399963378906,337.9798889160156,306.5199890136719,0.02061858133479463,-0.07438280620410521,,2026-05-08T19:57:01
AOS,,58.61000061035156,67.88999938964844,58.215301513671875,0.006779988876068817,-0.13669169042166537,RISE,2026-05-08T19:57:01
APA,,35.53499984741211,45.65999984741211,33.43000030517578,0.06296738028777173,-0.22174770113526093,RISE,2026-05-08T19:57:01
APD,,295.4200134277344,307.2900085449219,281.2449951171875,0.05040096199628553,-0.03862798915394042,,2026-05-08T19:57:01
APH,,127.97000122070312,155.45689392089844,118.23999786376953,0.08229028698177107,-0.17681359769211358,RISE,2026-05-08T19:57:01
APO,,133.17999267578125,135.33999633789062,102.69999694824219,0.29678672476397533,-0.015959832426156548,DROP,2026-05-08T19:57:01
APP,,468.5,512.6898803710938,364.6400146484375,0.28482882069785354,-0.08619222275093152,DROP,2026-05-08T19:57:01
APTV,,57.95000076293945,70.29000091552734,52.38010025024414,0.10633619420515239,-0.17555840079469873,RISE,2026-05-08T19:57:01
ARE,,46.25,49.18000030517578,39.40999984741211,0.17356001469350538,-0.05957706968268203,DROP,2026-05-08T19:57:01
ARES,,126.23999786376953,127.82499694824219,98.44000244140625,0.2824054727031369,-0.012399758437815106,DROP,2026-05-08T19:57:01
ATO,,180.85000610351562,192.50990295410156,180.67999267578125,0.0009409643271319657,-0.060567776886604655,,2026-05-08T19:57:01
AVB,,184.1699981689453,187.9199981689453,160.09500122070312,0.15037944198553066,-0.019955300322154354,DROP,2026-05-08T19:57:01
AVGO,,429.8977966308594,437.67999267578125,289.9599914550781,0.4826107369970075,-0.017780561540738888,DROP,2026-05-08T19:57:01
AVY,,163.50999450683594,176.50999450683594,159.19000244140625,0.02713733274185837,-0.07365022041002064,,2026-05-08T19:57:01
AWK,,125.02999877929688,139.625,123.55000305175781,0.01197892101159285,-0.10452999979017458,RISE,2026-05-08T19:57:01
AXON,,403.17999267578125,449.1000061035156,339.2250061035156,0.18853264182048404,-0.10224897083869113,RISE,2026-05-08T19:57:01
AXP,,316.010009765625,339.9800109863281,291.5,0.0840823662628645,-0.07050414861498151,,2026-05-08T19:57:01
AZO,,3499.02001953125,3729.820068359375,3306.534912109375,0.058213541528609115,-0.06187967371027803,,2026-05-08T19:57:01
BA,,237.38999938964844,238.53500366210938,187.72000122070312,0.26459619564219,-0.0048001519897803505,DROP,2026-05-08T19:57:01
BAC,,51.290000915527344,55.400001525878906,46.84000015258789,0.09500428583353863,-0.07418773460559681,,2026-05-08T19:57:01
BALL,,58.529998779296875,65.36000061035156,57.060001373291016,0.02576230933450248,-0.10449819105376458,RISE,2026-05-08T19:57:01
BAX,,18.0,19.190000534057617,15.729999542236328,0.14431026852025877,-0.06201149040854134,DROP,2026-05-08T19:57:01
BBY,,59.38999938964844,68.20500183105469,56.68000030517578,0.047812263053661104,-0.12924275646588512,RISE,2026-05-08T19:57:01
BDX,,149.39999389648438,159.9499969482422,143.02999877929688,0.04453607754703789,-0.06595813224786531,,2026-05-08T19:57:01
BEN,,31.040000915527344,31.440000534057617,22.575000762939453,0.37497230859387476,-0.012722633961057692,DROP,2026-05-08T19:57:01
BF.B,,27.68000030517578,31.239999771118164,24.594999313354492,0.1254320422016116,-0.11395644980873701,RISE,2026-05-08T19:57:01
BG,,124.94999694824219,133.92999267578125,117.73999786376953,0.06123661640299118,-0.06704992323323652,,2026-05-08T19:57:01
BIIB,,193.52499389648438,195.97999572753906,168.63999938964844,0.1475628237482278,-0.012526798063960317,DROP,2026-05-08T19:57:01
BK,,130.47999572753906,139.14990234375,114.30000305175781,0.1415572374784151,-0.06230623572263219,DROP,2026-05-08T19:57:01
BKNG,,166.02000427246094,193.9199981689453,161.21160888671875,0.02982660751882318,-0.14387373226033956,RISE,2026-05-08T19:57:01
BKR,,63.900001525878906,70.3499984741211,58.41999816894531,0.09380355235695015,-0.09168439357699318,,2026-05-08T19:57:01
BLDR,,77.4000015258789,94.97000122070312,73.4000015258789,0.05449591167364902,-0.18500578571114118,RISE,2026-05-08T19:57:01
BLK,,1084.8699951171875,1085.22998046875,929.25,0.16746838323076405,-0.0003317134229990673,DROP,2026-05-08T19:57:01
BMY,,56.16999816894531,62.224998474121094,55.56999969482422,0.010797165330504357,-0.09730816317647657,,2026-05-08T19:57:01
BR,,149.5,165.3350067138672,148.36000061035156,0.007684007717433886,-0.09577528091961576,,2026-05-08T19:57:01
BRK.B,,475.69000244140625,487.95001220703125,464.010009765625,0.02517185498149254,-0.02512554454127819,,2026-05-08T19:57:01
BRO,,56.43000030517578,69.25,56.099998474121094,0.0058823857402940435,-0.18512634938374323,RISE,2026-05-08T19:57:01
BSX,,53.935001373291016,70.12999725341797,53.630001068115234,0.005687120997599863,-0.23092822635662727,RISE,2026-05-08T19:57:01
BX,,123.76000213623047,133.2498016357422,106.80999755859375,0.15869305275789655,-0.0712181135207501,DROP,2026-05-08T19:57:01
BXP,,59.439998626708984,60.63999938964844,50.06999969482422,0.18713798659865682,-0.01978893098643895,DROP,2026-05-08T19:57:01
C,,125.55500030517578,135.2899932861328,106.5199966430664,0.1786988759105298,-0.07195648949710506,DROP,2026-05-08T19:57:01
CAG,,14.125,16.06999969482422,13.604999542236328,0.03822127712311533,-0.12103296401745788,RISE,2026-05-08T19:57:01
CAH,,183.6699981689453,217.77000427246094,182.8699951171875,0.004374709209376592,-0.15658725000919646,RISE,2026-05-08T19:57:01
CARR,,66.81999969482422,69.04000091552734,53.77000045776367,0.2427003742972128,-0.03215528956060368,DROP,2026-05-08T19:57:01
CASY,,859.3400268554688,868.0800170898438,700.0,0.22762860979352678,-0.010068185031692115,DROP,2026-05-08T19:57:01
CAT,,897.4000244140625,931.3499755859375,664.5700073242188,0.3503468626688335,-0.03645241000894016,DROP,2026-05-08T19:57:01
CB,,319.6400146484375,336.1400146484375,318.30999755859375,0.004178370456614149,-0.049086687930495386,,2026-05-08T19:57:01
CBOE,,347.989990234375,349.114990234375,272.1499938964844,0.2786698439785279,-0.0032224339586356403,DROP,2026-05-08T19:57:01
CBRE,,146.32000732421875,157.60000610351562,131.19000244140625,0.115328947337813,-0.07157359354344117,DROP,2026-05-08T19:57:01
CCI,,90.58000183105469,92.11000061035156,77.80000305175781,0.1642673300513209,-0.01661056095058727,DROP,2026-05-08T19:57:01
CCL,,26.389999389648438,30.15999984741211,23.66010093688965,0.11537983122051976,-0.1250000158102507,RISE,2026-05-08T19:57:01
CDNS,,362.6199951171875,365.010009765625,263.44000244140625,0.376480381706042,-0.0065478057710585584,DROP,2026-05-08T19:57:01
CDW,,104.80999755859375,143.63999938964844,104.41000366210938,0.0038309920740816302,-0.2703286131721678,RISE,2026-05-08T19:57:01
CEG,,303.67999267578125,328.79998779296875,264.739990234375,0.14708772334293949,-0.07639901474997768,DROP,2026-05-08T19:57:01
CF,,115.0,141.9600067138672,109.70999908447266,0.04821803809745945,-0.18991268976344472,RISE,2026-05-08T19:57:01
CFG,,63.72999954223633,66.8499984741211,57.1150016784668,0.11581892093795532,-0.04667163804188532,DROP,2026-05-08T19:57:01
CHD,,93.43000030517578,100.62000274658203,90.66000366210938,0.03055367892317993,-0.0714569891189005,,2026-05-08T19:57:01
CHRW,,171.3800048828125,190.14810180664062,159.1199951171875,0.0770488319622926,-0.0987025205379814,,2026-05-08T19:57:01
CHTR,,154.86000061035156,254.11000061035156,154.97999572753906,-0.0007742619724835722,-0.39057888222269715,RISE,2026-05-08T19:57:01
CI,,288.05999755859375,293.7699890136719,257.8500061035156,0.11716110428537325,-0.019436946143645686,DROP,2026-05-08T19:57:01
CIEN,,547.52001953125,583.7750244140625,361.70001220703125,0.5137406719739296,-0.0621044124304595,DROP,2026-05-08T19:57:01
CINF,,161.5,168.77999877929688,153.39999389648438,0.05280317096349807,-0.0431330657183881,,2026-05-08T19:57:01
CL,,87.55500030517578,89.33999633789062,81.79000091552734,0.07048538116049816,-0.019979808662223958,,2026-05-08T19:57:01
CLX,,92.16999816894531,108.89299774169922,84.69999694824219,0.08819364214697475,-0.15357277253420715,RISE,2026-05-08T19:57:01
CMCSA,,25.395000457763672,32.08000183105469,25.350000381469727,0.0017751509119044962,-0.20838531769719773,RISE,2026-05-08T19:57:01
CME,,281.239990234375,312.67999267578125,274.6000061035156,0.02418056803813875,-0.10055009331539315,RISE,2026-05-08T19:57:01
CMG,,32.47999954223633,37.07500076293945,30.600000381469727,0.06143788030489902,-0.12393799396212919,RISE,2026-05-08T19:57:01
CMI,,679.9500122070312,718.0800170898438,510.0450134277344,0.33311765492511736,-0.05309993869115258,DROP,2026-05-08T19:57:01
CMS,,72.62000274658203,80.36000061035156,72.48500061035156,0.0018624837565523746,-0.09631654809585087,,2026-05-08T19:57:01
CNC,,55.95500183105469,56.352500915527344,31.6299991607666,0.7690484766265967,-0.007053796690736214,DROP,2026-05-08T19:57:01
CNP,,41.709999084472656,44.470001220703125,41.6349983215332,0.0018013874375650805,-0.062064359353908506,,2026-05-08T19:57:01
COF,,189.47999572753906,210.83999633789062,174.97999572753906,0.08286661535057936,-0.10130905417072851,RISE,2026-05-08T19:57:01
COHR,,335.25,364.79998779296875,215.5500030517578,0.5553235687939185,-0.08100325872197933,DROP,2026-05-08T19:57:01
COIN,,201.21499633789062,216.04989624023438,158.4600067138672,0.2698156494542282,-0.06866423062683744,DROP,2026-05-08T19:57:01
COO,,60.0099983215332,72.62999725341797,59.68000030517578,0.005529457350368053,-0.1737573923877695,RISE,2026-05-08T19:57:01
COP,,113.81999969482422,135.8699951171875,112.20999908447266,0.014348102873965271,-0.16228745282095006,RISE,2026-05-08T19:57:01
COR,,261.19000244140625,327.989990234375,244.82000732421875,0.06686543022404404,-0.20366471472265002,RISE,2026-05-08T19:57:01
COST,,1008.780029296875,1035.8199462890625,966.0,0.04428574461374224,-0.026104842920877263,,2026-05-08T19:57:01
CPAY,,344.0,344.0,281.8349914550781,0.22057235769047648,0.0,DROP,2026-05-08T19:57:01
CPB,,20.84000015258789,22.459999084472656,19.760000228881836,0.05465586595123076,-0.07212818334461664,,2026-05-08T19:57:01
CPRT,,33.939998626708984,34.5099983215332,32.375,0.04833972592151303,-0.016516943568454366,,2026-05-08T19:57:01
CPT,,103.79000091552734,106.9000015258789,96.52999877929688,0.07520980242452407,-0.029092615210100606,,2026-05-08T19:57:01
CRH,,113.7699966430664,120.54000091552734,100.9000015258789,0.12755198139304877,-0.0561639640039928,DROP,2026-05-08T19:57:01
CRL,,177.6199951171875,194.57000732421875,153.25,0.15902117531606852,-0.08711523651631907,DROP,2026-05-08T19:57:01
CRM,,181.72999572753906,193.55999755859375,163.52000427246094,0.11136246929602694,-0.06111800981746528,DROP,2026-05-08T19:57:01
CRWD,,527.6799926757812,528.9149780273438,361.80670166015625,0.4584583155992207,-0.0023349411585365503,DROP,2026-05-08T19:57:01
CSCO,,96.56999969482422,97.0199966430664,76.30999755859375,0.2654960396332612,-0.004638187629481296,DROP,2026-05-08T19:57:01
CSGP,,32.7599983215332,41.630001068115234,32.720001220703125,0.0012224052364879043,-0.21306755990875148,RISE,2026-05-08T19:57:01
CSX,,44.80500030517578,46.54999923706055,39.189998626708984,0.14327639385626387,-0.03748655124564414,DROP,2026-05-08T19:57:01
CTAS,,166.9499969482422,180.6999969482422,165.4550018310547,0.00903565985097285,-0.07609297306152366,,2026-05-08T19:57:01
CTSH,,51.689998626708984,63.029998779296875,50.185001373291016,0.02998898500018661,-0.17991433241646643,RISE,2026-05-08T19:57:01
CTVA,,81.13999938964844,85.62999725341797,78.36000061035156,0.03547726847426325,-0.052434871047368985,,2026-05-08T19:57:01
CVNA,,77.93000030517578,83.3759994506836,54.4640007019043,0.4308533949187286,-0.0653185470805551,DROP,2026-05-08T19:57:01
CVS,,90.55000305175781,90.88999938964844,69.51010131835938,0.30268840548850223,-0.0037407452984244112,DROP,2026-05-08T19:57:01
CVX,,181.4600067138672,214.7100067138672,177.74000549316406,0.020929453728672227,-0.15486003893759148,RISE,2026-05-08T19:57:01
D,,61.88999938964844,65.60980224609375,60.439998626708984,0.023990747781034605,-0.05669584008945524,,2026-05-08T19:57:01
DAL,,73.33499908447266,75.0199966430664,62.94499969482422,0.1650647301616045,-0.022460645614404768,DROP,2026-05-08T19:57:01
DASH,,163.88999938964844,191.16000366210938,143.3000030517578,0.143684549193302,-0.1426553868489292,RISE,2026-05-08T19:57:01
DD,,49.75,50.29999923706055,43.93000030517578,0.1324834886044495,-0.01093437863623888,DROP,2026-05-08T19:57:01
DDOG,,200.13999938964844,199.0,100.79499816894531,0.9856143958075002,0.005728640148987123,DROP,2026-05-08T19:57:01
DE,,574.9000244140625,619.239990234375,549.6799926757812,0.04588129834508426,-0.07160384748977588,,2026-05-08T19:57:01
DECK,,100.41000366210938,113.87000274658203,92.55500030517578,0.08486849258315364,-0.11820495968923367,RISE,2026-05-08T19:57:01
DELL,,260.3299865722656,263.989990234375,155.3699951171875,0.6755486564565588,-0.013864175906290837,DROP,2026-05-08T19:57:01
DG,,113.27999877929688,127.26000213623047,112.76000213623047,0.004611534526561775,-0.10985386706160943,RISE,2026-05-08T19:57:01
DGX,,187.39999389648438,209.7899932861328,186.22999572753906,0.006282544143195172,-0.10672577389861819,RISE,2026-05-08T19:57:01
DHI,,147.63999938964844,166.97999572753906,132.38999938964844,0.11518996956194862,-0.1158222351942544,RISE,2026-05-08T19:57:01
DHR,,171.1300048828125,200.5,170.74000549316406,0.0022841711204235142,-0.14648376617051123,RISE,2026-05-08T19:57:01
DIS,,107.98500061035156,110.4800033569336,92.18499755859375,0.17139451613821616,-0.022583297164838905,DROP,2026-05-08T19:57:01
DLR,,195.27999877929688,208.13999938964844,173.5,0.12553313417462175,-0.06178533990613213,DROP,2026-05-08T19:57:01
DLTR,,94.25,111.47000122070312,92.6500015258789,0.017269276284622444,-0.15448103554434056,RISE,2026-05-08T19:57:01
DOC,,19.6299991607666,19.8700008392334,15.699999809265137,0.25031843307298834,-0.012078594279317421,DROP,2026-05-08T19:57:01
DOV,,219.8000030517578,232.7100067138672,200.6300048828125,0.09554900913321744,-0.05547678780304065,,2026-05-08T19:57:01
DOW,,36.880001068115234,42.7400016784668,34.79999923706055,0.059770168869416884,-0.13710810435704637,RISE,2026-05-08T19:57:01
DPZ,,323.4200134277344,382.1300048828125,321.2699890136719,0.006692266590674314,-0.15363878969169845,RISE,2026-05-08T19:57:01
DRI,,196.24000549316406,204.5500030517578,186.90499877929688,0.049945195553010586,-0.04062575133030455,,2026-05-08T19:57:01
DTE,,140.6300048828125,153.71499633789062,140.36500549316406,0.001887930604336729,-0.08512501556006404,,2026-05-08T19:57:01
DUK,,124.16999816894531,134.1300048828125,123.42500305175781,0.006036014573765812,-0.07425636584870854,,2026-05-08T19:57:01
DVA,,198.6999969482422,199.27000427246094,143.07000732421875,0.3888305499136327,-0.002860477302140174,DROP,2026-05-08T19:57:01
DVN,,45.61000061035156,52.709999084472656,41.91999816894531,0.08802487124486172,-0.13469927143695617,RISE,2026-05-08T19:57:01
DXCM,,60.61000061035156,66.43000030517578,56.720001220703125,0.06858249834149449,-0.08761101412144301,,2026-05-08T19:57:01
EA,,200.41000366210938,204.22000122070312,200.25,0.0007990195361267166,-0.018656338927724506,,2026-05-08T19:57:01
EBAY,,107.68000030517578,111.37999725341797,87.19999694824219,0.23486243203757862,-0.03321958196698235,DROP,2026-05-08T19:57:01
ECL,,254.1999969482422,279.0,251.88999938964844,0.009170660066660355,-0.08888889982708893,,2026-05-08T19:57:01
ED,,106.30000305175781,115.86000061035156,104.61499786376953,0.016106726782927513,-0.08251335670836867,,2026-05-08T19:57:01
EFX,,175.83999633789062,200.08999633789062,167.58999633789062,0.04922728193970816,-0.12119546426023813,RISE,2026-05-08T19:57:01
EG,,351.4800109863281,360.8599853515625,316.69000244140625,0.10985508944621229,-0.025993390084788907,DROP,2026-05-08T19:57:01
EIX,,68.94999694824219,76.21499633789062,67.06999969482422,0.02803037515986522,-0.09532243966056075,,2026-05-08T19:57:01
EL,,86.19000244140625,87.9000015258789,66.22000122070312,0.30157053537564227,-0.01945391416141455,DROP,2026-05-08T19:57:01
ELV,,377.7799987792969,379.2300109863281,282.4599914550781,0.33746374781498306,-0.0038235692456405445,DROP,2026-05-08T19:57:01
EME,,921.3400268554688,951.9600219726562,695.5449829101562,0.32463039701700863,-0.03216521115428418,DROP,2026-05-08T19:57:01
EMR,,141.2899932861328,149.47000122070312,122.63500213623047,0.15211799914333787,-0.05472675364799086,DROP,2026-05-08T19:57:01
EOG,,130.00999450683594,151.8699951171875,124.30999755859375,0.045853085513540316,-0.14393890375438362,RISE,2026-05-08T19:57:01
EPAM,,99.27999877929688,141.27499389648438,98.76000213623047,0.005265255486215138,-0.2972571009131188,RISE,2026-05-08T19:57:01
EQIX,,1071.72998046875,1128.6800537109375,958.2650146484375,0.11840666630403891,-0.05045723369961563,DROP,2026-05-08T19:57:01
EQR,,65.52999877929688,66.94999694824219,58.08000183105469,0.12827129327428435,-0.02120983172027755,DROP,2026-05-08T19:57:01
EQT,,55.959999084472656,68.23999786376953,55.310001373291016,0.011751901917245693,-0.17995309442728838,RISE,2026-05-08T19:57:01
ERIE,,216.00999450683594,262.2449951171875,210.06500244140625,0.028300725948330843,-0.17630460626976263,RISE,2026-05-08T19:57:01
ES,,66.50499725341797,71.76000213623047,66.36000061035156,0.002185000628884685,-0.07323027768082148,,2026-05-08T19:57:01
ESS,,263.5,270.3500061035156,238.4600067138672,0.10500709796665732,-0.025337547434316657,DROP,2026-05-08T19:57:01
ETN,,401.7099914550781,435.42999267578125,342.0,0.17459061828970213,-0.0774406949174281,DROP,2026-05-08T19:57:01
ETR,,111.63500213623047,118.44499969482422,104.94000244140625,0.06379835657581963,-0.05749501942791876,,2026-05-08T19:57:01
EVRG,,81.80000305175781,85.2699966430664,79.20999908447266,0.03269794214393405,-0.04069419171943583,,2026-05-08T19:57:01
EW,,79.94000244140625,85.05500030517578,77.0999984741211,0.036835331043987174,-0.06013753271902901,,2026-05-08T19:57:01
EXC,,43.8849983215332,50.099998474121094,44.02000045776367,-0.0030668363204584847,-0.12405190303145854,RISE,2026-05-08T19:57:01
EXE,,95.93000030517578,114.48999786376953,93.75,0.023253336588541666,-0.16211020966808035,RISE,2026-05-08T19:57:01
EXPD,,156.6699981689453,156.99000549316406,136.1300048828125,0.15088512854910027,-0.0020383929742118796,DROP,2026-05-08T19:57:01
EXPE,,230.3249969482422,279.76129150390625,218.66000366210938,0.05334763144044613,-0.17670884449349847,RISE,2026-05-08T19:57:01
EXR,,143.33999633789062,147.2449951171875,127.66500091552734,0.12278224501588358,-0.026520417730932135,DROP,2026-05-08T19:57:01
F,,12.329999923706055,13.039999961853027,11.109999656677246,0.10981100852650102,-0.054447855845398276,DROP,2026-05-08T19:57:01
FANG,,188.69000244140625,214.50999450683594,170.6199951171875,0.10590791138991457,-0.12036731493462821,RISE,2026-05-08T19:57:01
FAST,,44.15999984741211,49.66999816894531,43.52000045776367,0.014705868173635691,-0.11093212250163048,RISE,2026-05-08T19:57:01
FCX,,61.650001525878906,70.96499633789062,54.16999816894531,0.13808387686492013,-0.13126182333131645,RISE,2026-05-08T19:57:01
FDS,,223.5800018310547,247.3300018310547,191.6300048828125,0.1667275277051763,-0.09602555219412107,DROP,2026-05-08T19:57:01
FDX,,378.3699951171875,404.0299987792969,341.25,0.10877654246794871,-0.06351014464182464,DROP,2026-05-08T19:57:01
FE,,44.33000183105469,52.34000015258789,44.37030029296875,-0.0009082305426823649,-0.15303779706116716,RISE,2026-05-08T19:57:01
FFIV,,354.1700134277344,354.5199890136719,277.17999267578125,0.27776182547926076,-0.0009871815321646177,DROP,2026-05-08T19:57:01
FICO,,1126.4599609375,1133.64501953125,870.010009765625,0.29476666738692,-0.006338014519501832,DROP,2026-05-08T19:57:01
FIS,,43.5099983215332,49.27871322631836,43.279998779296875,0.005314222475125141,-0.11706301823044052,RISE,2026-05-08T19:57:01
FISV,,55.47999954223633,65.29000091552734,52.90999984741211,0.04857304294530102,-0.15025273756671045,RISE,2026-05-08T19:57:01
FITB,,49.34000015258789,51.86000061035156,44.33000183105469,0.11301597371068745,-0.0485923723120949,DROP,2026-05-08T19:57:01
FIX,,1950.9300537109375,2018.0499267578125,1255.0,0.5545259392119024,-0.03325976833224806,DROP,2026-05-08T19:57:01
FOX,,56.59000015258789,59.040000915527344,51.7599983215332,0.09331533979291706,-0.041497302251821445,,2026-05-08T19:57:01
FOXA,,62.939998626708984,66.0,57.189998626708984,0.10054205522072916,-0.046363657171075996,DROP,2026-05-08T19:57:01
FRT,,115.69999694824219,117.22000122070312,102.4000015258789,0.1298827658611124,-0.012967106778979267,DROP,2026-05-08T19:57:01
FSLR,,220.0399932861328,223.88999938964844,182.99000549316406,0.20247000754559147,-0.01719597174510346,DROP,2026-05-08T19:57:01
FTNT,,114.06500244140625,114.66000366210938,76.01429748535156,0.5005730002752088,-0.005189265669801732,DROP,2026-05-08T19:57:01
FTV,,60.41999816894531,62.43000030517578,53.47999954223633,0.12976811305370442,-0.03219609364736506,DROP,2026-05-08T19:57:01
GD,,346.42999267578125,355.6659851074219,306.7699890136719,0.12928254093441272,-0.025968163440906716,DROP,2026-05-08T19:57:01
GDDY,,91.01000213623047,93.98999786376953,78.22000122070312,0.16351317714045382,-0.03170545584923102,DROP,2026-05-08T19:57:01
GE,,297.1199951171875,319.1400146484375,268.9100036621094,0.10490495359378495,-0.06899798997473602,DROP,2026-05-08T19:57:01
GEHC,,63.47999954223633,75.94999694824219,58.75,0.08051063050615026,-0.16418693755187136,RISE,2026-05-08T19:57:01
GEN,,22.690000534057617,22.68000030517578,17.780000686645508,0.27615296163064784,0.0004409271934424884,DROP,2026-05-08T19:57:01
GEV,,1040.0,1181.949951171875,807.0,0.28872366790582404,-0.12009810654938056,RISE,2026-05-08T19:57:01
GILD,,131.31500244140625,142.97000122070312,127.63999938964844,0.028791938807043383,-0.08152058949279176,,2026-05-08T19:57:01
GIS,,34.685001373291016,37.93000030517578,33.57500076293945,0.03306033016019456,-0.08555230439694897,,2026-05-08T19:57:01
GL,,151.0800018310547,156.69000244140625,135.07699584960938,0.11847321507847697,-0.03580318158747496,DROP,2026-05-08T19:57:01
GLW,,186.8300018310547,198.25,126.68000030517578,0.47481845106548637,-0.05760402607286412,DROP,2026-05-08T19:57:01
GM,,78.77999877929688,82.66999816894531,71.5999984741211,0.10027933600823889,-0.047054547911066745,DROP,2026-05-08T19:57:01
GNRC,,269.2699890136719,272.3999938964844,184.41000366210938,0.46017018418940925,-0.011490473395538854,DROP,2026-05-08T19:57:01
GOOG,,397.07000732421875,398.3699951171875,271.5350036621094,0.46231609909977445,-0.0032632673366535447,DROP,2026-05-08T19:57:01
GOOGL,,400.80999755859375,401.9200134277344,272.1099853515625,0.47297056019738687,-0.0027617830216364854,DROP,2026-05-08T19:57:01
GPC,,104.76000213623047,116.7699966430664,102.27999877929688,0.024247197756474617,-0.10285171578403972,RISE,2026-05-08T19:57:01
GPN,,69.19000244140625,74.61000061035156,62.45000076293945,0.10792636663131328,-0.07264439250243525,DROP,2026-05-08T19:57:01
GRMN,,240.0800018310547,273.32000732421875,225.3699951171875,0.06527047536305046,-0.12161570540913227,RISE,2026-05-08T19:57:01
GS,,936.530029296875,952.010009765625,797.780029296875,0.17392012196931977,-0.01626031271725915,DROP,2026-05-08T19:57:01
GWW,,1232.4200439453125,1286.5550537109375,1050.1300048828125,0.17358806834858734,-0.04207749183330947,DROP,2026-05-08T19:57:01
HAL,,39.83000183105469,42.459999084472656,35.5099983215332,0.12165597616775559,-0.061940586672780726,DROP,2026-05-08T19:57:01
HAS,,97.77999877929688,99.19999694824219,87.30010223388672,0.12004449338825908,-0.014314498111186432,DROP,2026-05-08T19:57:01
HBAN,,16.100000381469727,17.344999313354492,14.949999809265137,0.07692311617903076,-0.07177855181154141,,2026-05-08T19:57:01
HCA,,435.010009765625,512.1400146484375,422.19000244140625,0.030365492432516752,-0.1506033558728251,RISE,2026-05-08T19:57:01
HD,,317.4200134277344,353.5450134277344,310.3999938964844,0.022616042748992815,-0.10217935093966204,RISE,2026-05-08T19:57:01
HIG,,131.97000122070312,141.61000061035156,131.64999389648438,0.002430743175501929,-0.06807428393545083,,2026-05-08T19:57:01
HII,,316.29998779296875,414.0299987792969,311.0000915527344,0.01704146199370396,-0.2360457244027483,RISE,2026-05-08T19:57:01
HLT,,316.7099914550781,344.75,292.3699951171875,0.08325066437865722,-0.0813343250033992,,2026-05-08T19:57:01
HON,,213.11500549316406,236.8300018310547,207.87399291992188,0.025212449617308084,-0.10013510177991715,RISE,2026-05-08T19:57:01
HOOD,,77.05719757080078,93.31999969482422,63.5182991027832,0.21314957515013716,-0.17426920464215792,RISE,2026-05-08T19:57:01
HPE,,31.329999923706055,31.184999465942383,22.295000076293945,0.4052478051802716,0.004649686074935775,DROP,2026-05-08T19:57:01
HPQ,,22.68000030517578,22.649999618530273,18.125,0.2513103616648707,0.0013245336490409405,DROP,2026-05-08T19:57:01
HRL,,20.43000030517578,23.25,20.315000534057617,0.0056608303270959635,-0.12129030945480511,RISE,2026-05-08T19:57:01
HSIC,,70.80999755859375,81.01499938964844,69.33999633789062,0.021199903350728147,-0.12596435114407487,RISE,2026-05-08T19:57:01
HST,,22.270000457763672,22.360000610351562,18.7549991607666,0.1874167664240725,-0.004025051436994374,DROP,2026-05-08T19:57:01
HSY,,185.94000244140625,216.0749969482422,180.17999267578125,0.03196808746679024,-0.13946543992803742,RISE,2026-05-08T19:57:01
HUBB,,492.57000732421875,565.4998779296875,468.6600036621094,0.05101780283206717,-0.1289653162657917,RISE,2026-05-08T19:57:01
HUM,,274.864990234375,274.1499938964844,164.5,0.6709117947378419,0.002608047980335169,DROP,2026-05-08T19:57:01
HWM,,270.45001220703125,280.739990234375,220.51010131835938,0.22647448162282416,-0.0366530540189632,DROP,2026-05-08T19:57:01
IBKR,,84.44000244140625,87.37429809570312,63.02199935913086,0.3398496287022711,-0.0335830526624989,DROP,2026-05-08T19:57:01
IBM,,229.66000366210938,258.5,221.72999572753906,0.03576425421626163,-0.11156671697443182,RISE,2026-05-08T19:57:01
ICE,,155.8000030517578,168.19500732421875,152.35400390625,0.02261836943667253,-0.07369424615897119,,2026-05-08T19:57:01
IDXX,,559.9600219726562,604.8099975585938,544.010009765625,0.02931933589586517,-0.07415547984818563,,2026-05-08T19:57:01
IEX,,216.97000122070312,223.84500122070312,182.9949951171875,0.18566084871205626,-0.03071321656730452,DROP,2026-05-08T19:57:01
IFF,,81.04000091552734,83.88999938964844,68.33999633789062,0.18583560518271922,-0.03397304201760154,DROP,2026-05-08T19:57:01
INCY,,98.56999969482422,102.8550033569336,90.08439636230469,0.09419615022330642,-0.041660624396066555,,2026-05-08T19:57:01
INTC,,124.91999816894531,130.57000732421875,40.630001068115234,2.0745753109757468,-0.04327187591591294,DROP,2026-05-08T19:57:01
INTU,,396.29998779296875,436.5899963378906,342.1050109863281,0.15841620282143856,-0.09228339834369494,DROP,2026-05-08T19:57:01
INVH,,28.735000610351562,29.405000686645508,24.34000015258789,0.18056698562906065,-0.022785242667864677,DROP,2026-05-08T19:57:01
IP,,33.01750183105469,38.060001373291016,29.450000762939453,0.12113755435295806,-0.1324881597554264,RISE,2026-05-08T19:57:01
IQV,,178.67999267578125,182.6999969482422,154.5,0.15650480696298544,-0.022003307824902594,DROP,2026-05-08T19:57:01
IR,,75.76000213623047,89.0999984741211,75.30999755859375,0.005975363062342418,-0.14971937784898165,RISE,2026-05-08T19:57:01
IRM,,128.83999633789062,134.08999633789062,96.91000366210938,0.32948087368884793,-0.03915280888494197,DROP,2026-05-08T19:57:01
ISRG,,450.05999755859375,491.1499938964844,441.9800109863281,0.01828133936246172,-0.08366078967426563,,2026-05-08T19:57:01
IT,,158.64999389648438,162.52000427246094,141.75999450683594,0.11914503417135763,-0.023812517070136065,DROP,2026-05-08T19:57:01
ITW,,254.75999450683594,274.7799987792969,247.0,0.03141698180905238,-0.07285830250163511,,2026-05-08T19:57:01
IVZ,,27.59000015258789,27.735000610351562,21.81999969482422,0.26443632165276043,-0.00522806758870426,DROP,2026-05-08T19:57:01
J,,118.41000366210938,137.77000427246094,118.45999908447266,-0.00042204476405263187,-0.14052406191455322,RISE,2026-05-08T19:57:01
JBHT,,245.6300048828125,256.17999267578125,202.6999969482422,0.21179086621067955,-0.041181934946499535,DROP,2026-05-08T19:57:01
JBL,,355.0799865722656,372.3699951171875,245.19500732421875,0.44815341244998164,-0.04643233550404776,DROP,2026-05-08T19:57:01
JCI,,139.50999450683594,147.32000732421875,125.91000366210938,0.1080135846967596,-0.05301393177502837,DROP,2026-05-08T19:57:01
JKHY,,145.8800048828125,161.17999267578125,141.80999755859375,0.028700425881730125,-0.09492485722930369,,2026-05-08T19:57:01
JNJ,,221.35000610351562,247.2100067138672,220.6300048828125,0.003263387593566674,-0.1046074184217113,RISE,2026-05-08T19:57:01
JPM,,302.1700134277344,320.2349853515625,281.75,0.0724756465935559,-0.056411612566303206,,2026-05-08T19:57:01
KDP,,28.81999969482422,29.575000762939453,24.875,0.15859295255574749,-0.025528353292938174,DROP,2026-05-08T19:57:01
KEY,,21.610000610351562,22.545000076293945,19.299999237060547,0.11968919505733806,-0.041472586506022424,DROP,2026-05-08T19:57:01
KEYS,,360.3599853515625,367.1199951171875,266.4700012207031,0.35234729500787304,-0.018413624579252767,DROP,2026-05-08T19:57:01
KHC,,23.954999923706055,24.149999618530273,21.530000686645508,0.11263349557460581,-0.008074521652356286,DROP,2026-05-08T19:57:01
KIM,,23.485000610351562,24.309999465942383,22.110200881958008,0.06217943182575946,-0.03393660525359617,,2026-05-08T19:57:01
KKR,,102.51000213623047,107.6500015258789,86.30500030517578,0.18776434475121437,-0.04774732296137301,DROP,2026-05-08T19:57:01
KLAC,,1869.1800537109375,1939.3599853515625,1374.4300537109375,0.3599673906025145,-0.036187160800836546,DROP,2026-05-08T19:57:01
KMB,,98.29000091552734,100.48500061035156,92.41999816894531,0.06351442180134614,-0.02184405315710471,,2026-05-08T19:57:01
KMI,,31.395000457763672,34.72600173950195,30.729999542236328,0.021640121231155388,-0.09592239575191748,,2026-05-08T19:57:01
KO,,78.41999816894531,80.31999969482422,74.55000305175781,0.0519114011906972,-0.023655397573430787,,2026-05-08T19:57:01
KR,,65.6500015258789,74.44999694824219,65.18000030517578,0.00721081955358327,-0.1182000776773847,RISE,2026-05-08T19:57:01
KVUE,,17.579999923706055,17.889999389648438,16.639999389648438,0.05649041878224955,-0.017328087004952922,,2026-05-08T19:57:01
L,,104.48999786376953,113.83999633789062,103.02999877929688,0.014170621195484595,-0.08213280722857007,,2026-05-08T19:57:01
LDOS,,130.11000061035156,162.0,127.86499786376953,0.017557602034091548,-0.1968518480842496,RISE,2026-05-08T19:57:01
LEN,,88.36000061035156,97.94000244140625,83.02999877929688,0.06419368793708446,-0.09781500502602127,,2026-05-08T19:57:01
LH,,254.05499267578125,279.7099914550781,248.5883026123047,0.02199093845538801,-0.09171999414764241,,2026-05-08T19:57:01
LHX,,299.6300048828125,364.2699890136719,297.6600036621094,0.006618293342962477,-0.17745075378261066,RISE,2026-05-08T19:57:01
LII,,521.280029296875,551.4949951171875,434.05999755859375,0.2009400364669804,-0.05478737991791223,DROP,2026-05-08T19:57:01
LIN,,493.1300048828125,521.280029296875,482.7699890136719,0.021459527528433903,-0.054001731952080474,,2026-05-08T19:57:01
LITE,,903.7000122070312,1021.0,642.3699951171875,0.4068216434084368,-0.11488735337215353,RISE,2026-05-08T19:57:01
LLY,,948.3699951171875,996.4849853515625,850.510009765625,0.11506035699512787,-0.048284711703307705,DROP,2026-05-08T19:57:01
LMT,,506.5199890136719,637.9199829101562,500.30999755859375,0.012412287352604507,-0.20598193725966188,RISE,2026-05-08T19:57:01
LNT,,71.73999786376953,75.75900268554688,70.05000305175781,0.0241255494416329,-0.053049864429433415,,2026-05-08T19:57:01
LOW,,229.13999938964844,257.1000061035156,223.0,0.027533629549992993,-0.10875148210852127,RISE,2026-05-08T19:57:01
LRCX,,294.1199951171875,297.9949951171875,198.60000610351562,0.48096669727131985,-0.013003574098538613,DROP,2026-05-08T19:57:01
LULU,,131.1699981689453,170.1999053955078,127.81999969482422,0.026208719152866218,-0.22931803126368036,RISE,2026-05-08T19:57:01
LUV,,41.310001373291016,44.91999816894531,35.72999954223633,0.15617133788257073,-0.08036502544094064,DROP,2026-05-08T19:57:01
LVS,,53.119998931884766,58.459999084472656,50.04999923706055,0.061338656176261726,-0.09134451310667618,,2026-05-08T19:57:01
LYB,,71.77999877929688,83.94000244140625,65.76000213623047,0.09154495814332843,-0.14486541944762968,RISE,2026-05-08T19:57:01
LYV,,163.25,169.90989685058594,144.0,0.13368055555555555,-0.039196638771680656,DROP,2026-05-08T19:57:01
MA,,495.7200012207031,534.2100219726562,480.5,0.03167534072987123,-0.07205035317350009,,2026-05-08T19:57:01
MAA,,129.3300018310547,132.6699981689453,120.30000305175781,0.07506233208831933,-0.02517521959740581,,2026-05-08T19:57:01
MAR,,353.2099914550781,380.0,316.5400085449219,0.11584628141864796,-0.07050002248663652,DROP,2026-05-08T19:57:01
MAS,,71.75,76.0999984741211,58.40999984741211,0.22838555362843282,-0.05716161053012864,DROP,2026-05-08T19:57:01
MCD,,275.75,312.5400085449219,274.8299865722656,0.0033475729457653654,-0.11771295686655742,RISE,2026-05-08T19:57:01
MCHP,,99.13999938964844,105.91000366210938,59.310001373291016,0.6715561809832297,-0.06392223622293189,DROP,2026-05-08T19:57:01
MCK,,736.5700073242188,887.25,726.02001953125,0.014531262925477288,-0.16982811234238518,RISE,2026-05-08T19:57:01
MCO,,451.4599914550781,482.5400085449219,422.20001220703125,0.06930359640467955,-0.06440920242772029,,2026-05-08T19:57:01
MDLZ,,61.54999923706055,62.189998626708984,55.790000915527344,0.10324427723624743,-0.0102910339890822,DROP,2026-05-08T19:57:01
MDT,,76.13999938964844,88.83999633789062,75.91000366210938,0.0030298474040762733,-0.14295359603505056,RISE,2026-05-08T19:57:01
MET,,78.08000183105469,81.58999633789062,67.33000183105469,0.15966136503269432,-0.043019912542953335,DROP,2026-05-08T19:57:01
META,,609.6400146484375,691.5,520.260009765625,0.17179872218715758,-0.1183803114266992,RISE,2026-05-08T19:57:01
MGM,,38.779998779296875,40.939998626708984,35.31999969482422,0.09796146982922209,-0.052760134828215156,,2026-05-08T19:57:01
MKC,,48.310001373291016,54.709999084472656,47.29999923706055,0.02135311104696828,-0.11698040245440318,RISE,2026-05-08T19:57:01
MLM,,590.3499755859375,638.25,569.7999877929688,0.03606526541456401,-0.07504900025705052,,2026-05-08T19:57:01
MMM,,143.3000030517578,158.14349365234375,141.38999938964844,0.01350876066450575,-0.09386089972956628,,2026-05-08T19:57:01
MNST,,86.30999755859375,88.7699966430664,70.86000061035156,0.218035518136662,-0.027712055621270548,DROP,2026-05-08T19:57:01
MO,,68.11499786376953,74.55999755859375,63.68000030517578,0.06964506183008423,-0.08644044938117586,,2026-05-08T19:57:01
MOS,,22.190000534057617,27.149999618530273,22.325000762939453,-0.006047042520416959,-0.1826887349599587,RISE,2026-05-08T19:57:01
MPC,,244.97000122070312,261.6099853515625,210.63999938964844,0.1629795002398855,-0.06360607416608301,DROP,2026-05-08T19:57:01
MPWR,,1600.5400390625,1662.0,996.010009765625,0.6069517608955851,-0.036979519216305656,DROP,2026-05-08T19:57:01
MRK,,111.37999725341797,124.0,107.9000015258789,0.03225204521155094,-0.10177421569824219,RISE,2026-05-08T19:57:01
MRNA,,54.34000015258789,57.77899932861328,43.68000030517578,0.24404761384923737,-0.05951988120227502,DROP,2026-05-08T19:57:01
MRSH,,163.33999633789062,183.4499969482422,162.5,0.005169208233173077,-0.10962115532782109,RISE,2026-05-08T19:57:01
MS,,193.07000732421875,194.8300018310547,157.22000122070312,0.2280244614245354,-0.00903348811936112,DROP,2026-05-08T19:57:01
MSCI,,585.4199829101562,621.2899780273438,520.0,0.12580765944260816,-0.05773470744060323,DROP,2026-05-08T19:57:01
MSFT,,415.1499938964844,433.6400146484375,356.2799987792969,0.1652351951243141,-0.04263910185258949,DROP,2026-05-08T19:57:01
MSI,,383.8699951171875,450.75,381.25,0.006872118340163934,-0.14837494150374375,RISE,2026-05-08T19:57:01
MTB,,212.2100067138672,223.72999572753906,200.1199951171875,0.06041381117164201,-0.051490587912499,,2026-05-08T19:57:01
MTD,,1125.0,1365.7850341796875,1110.8199462890625,0.012765393490015261,-0.17629790058748657,RISE,2026-05-08T19:57:01
MU,,747.0700073242188,745.1900024414062,311.489990234375,1.3983756484826348,0.0025228530665376493,DROP,2026-05-08T19:57:01
NCLH,,17.075000762939453,22.219999313354492,16.889999389648438,0.010953308465150063,-0.23154809673296578,RISE,2026-05-08T19:57:01
NDAQ,,88.88999938964844,93.0199966430664,81.0,0.09740739987220293,-0.0443990260423839,,2026-05-08T19:57:01
NDSN,,283.4599914550781,290.010009765625,253.85000610351562,0.11664362670721411,-0.022585490465795815,DROP,2026-05-08T19:57:01
NEE,,93.09500122070312,98.75,89.9000015258789,0.03553948432252802,-0.05726581042325949,,2026-05-08T19:57:01
NEM,,116.50499725341797,122.0,98.51000213623047,0.18267175644054948,-0.04504100611952484,DROP,2026-05-08T19:57:01
NFLX,,87.44999694824219,108.94000244140625,86.72000122070312,0.008417847293166168,-0.1972645952961359,RISE,2026-05-08T19:57:01
NI,,46.720001220703125,48.97999954223633,45.13999938964844,0.0350022563672656,-0.046141248318803396,,2026-05-08T19:57:01
NKE,,44.15999984741211,53.11000061035156,42.09000015258789,0.049180320440007065,-0.1685181822648111,RISE,2026-05-08T19:57:01
NOC,,549.469970703125,708.5499877929688,544.2401123046875,0.00960946883589796,-0.22451488226731203,RISE,2026-05-08T19:57:01
NOW,,91.18000030517578,106.58000183105469,81.23999786376953,0.12235355370238354,-0.1444924119094145,RISE,2026-05-08T19:57:01
NRG,,138.0500030517578,175.51499938964844,138.0500030517578,0.0,-0.21345751911901978,RISE,2026-05-08T19:57:01
NSC,,312.1700134277344,323.3699951171875,280.94000244140625,0.11116256394580745,-0.03463519144809435,DROP,2026-05-08T19:57:01
NTAP,,118.0199966430664,118.22000122070312,94.88999938964844,0.24375590053951696,-0.0016917998271995722,DROP,2026-05-08T19:57:01
NTRS,,160.41000366210938,173.18499755859375,134.3699951171875,0.1937933280581853,-0.07376501473323176,DROP,2026-05-08T19:57:01
NUE,,227.5,235.44000244140625,162.60000610351562,0.3991389388704405,-0.03372410108338438,DROP,2026-05-08T19:57:01
NVDA,,215.2100067138672,217.8000030517578,164.27000427246094,0.3100992336794265,-0.011891626729110469,DROP,2026-05-08T19:57:01
NVR,,5976.06005859375,7294.5,5930.0,0.007767294872470489,-0.1807443884304956,RISE,2026-05-08T19:57:01
NWS,,31.299999237060547,31.200000762939453,27.229999542236328,0.14946749038725693,0.0032050792203786012,DROP,2026-05-08T19:57:01
NWSA,,27.030000686645508,27.059999465942383,23.895000457763672,0.13119900267100643,-0.0011086023610100714,DROP,2026-05-08T19:57:01
NXPI,,294.7699890136719,303.8500061035156,184.67999267578125,0.5961121978771213,-0.029883221679944182,DROP,2026-05-08T19:57:01
O,,61.915000915527344,65.3499984741211,60.04499816894531,0.03114335587654624,-0.052563085521019945,,2026-05-08T19:57:01
ODFL,,198.33999633789062,233.7899932861328,184.4600067138672,0.07524660695450348,-0.15163179762298618,RISE,2026-05-08T19:57:01
OKE,,85.16000366210938,95.30000305175781,81.25,0.04812312199519231,-0.1064008296425905,RISE,2026-05-08T19:57:01
OMC,,77.05999755859375,80.05999755859375,73.29000091552734,0.05143944052356654,-0.037471897220636076,,2026-05-08T19:57:01
ON,,103.19999694824219,105.9000015258789,55.025001525878906,0.8755110238335208,-0.02549579356688598,DROP,2026-05-08T19:57:01
ORCL,,195.94000244140625,200.14999389648438,134.57000732421875,0.45604511984107365,-0.021034182280592482,DROP,2026-05-08T19:57:01
ORLY,,92.95999908447266,100.625,89.91000366210938,0.03392275940534341,-0.07617392214188665,,2026-05-08T19:57:01
OTIS,,74.83999633789062,82.63999938964844,74.62000274658203,0.0029481852480723815,-0.0943853232014284,,2026-05-08T19:57:01
OXY,,53.040000915527344,67.44999694824219,51.959999084472656,0.02078525500546876,-0.2136396839835644,RISE,2026-05-08T19:57:01
PANW,,207.83999633789062,206.77000427246094,143.5,0.4483623438180531,0.005174793458047998,DROP,2026-05-08T19:57:01
PAYX,,93.94000244140625,95.4000015258789,85.44999694824219,0.09935641657549191,-0.015303973387008868,,2026-05-08T19:57:01
PCAR,,114.30999755859375,129.30999755859375,112.02999877929688,0.02035168083674226,-0.11600031152427412,RISE,2026-05-08T19:57:01
PCG,,16.045000076293945,18.920000076293945,16.0,0.002812504768371582,-0.1519556019242446,RISE,2026-05-08T19:57:01
PEG,,77.12999725341797,84.47000122070312,77.08000183105469,0.000648617295999319,-0.08689480124555939,,2026-05-08T19:57:01
PEP,,154.58999633789062,160.02499389648438,150.47000122070312,0.02738084059123827,-0.03396342925099248,,2026-05-08T19:57:01
PFE,,25.670000076293945,28.7450008392334,25.65999984741211,0.0003897205355145196,-0.10697514952730335,RISE,2026-05-08T19:57:01
PFG,,100.48999786376953,103.0,86.80999755859375,0.1575855395680924,-0.024368952778936588,DROP,2026-05-08T19:57:01
PG,,146.42999267578125,152.4199981689453,140.74000549316406,0.04042906750414727,-0.03929934106497379,,2026-05-08T19:57:01
PGR,,193.94000244140625,208.4600067138672,191.75,0.011421133983865711,-0.06965366883246404,,2026-05-08T19:57:01
PH,,878.4600219726562,1029.0,858.719970703125,0.02298776311603418,-0.14629735473988703,RISE,2026-05-08T19:57:01
PHM,,117.54499816894531,133.13499450683594,113.26000213623047,0.03783326816081815,-0.11709916236253078,RISE,2026-05-08T19:57:01
PKG,,224.58999633789062,231.27000427246094,201.55999755859375,0.11425877683195558,-0.028884022186900404,DROP,2026-05-08T19:57:01
PLD,,144.1199951171875,145.44000244140625,128.11000061035156,0.12497068480649352,-0.009075957797446714,DROP,2026-05-08T19:57:01
PLTR,,137.8000030517578,156.25,122.68000030517578,0.12324749518234333,-0.11807998046875,RISE,2026-05-08T19:57:01
PM,,170.99000549316406,172.2449951171875,151.6300048828125,0.12767921906560625,-0.007286073091236124,DROP,2026-05-08T19:57:01
PNC,,216.8699951171875,230.25,200.75100708007812,0.08029343549285223,-0.0581107703922367,,2026-05-08T19:57:01
PNR,,76.83000183105469,94.16999816894531,76.69499969482422,0.0017602469100678464,-0.1841350395566736,RISE,2026-05-08T19:57:01
PNW,,99.25,104.91999816894531,98.19000244140625,0.010795371547386317,-0.05404115771919203,,2026-05-08T19:57:01
PODD,,154.11000061035156,218.0449981689453,148.30499267578125,0.03914236351611574,-0.29321928086172255,RISE,2026-05-08T19:57:01
POOL,,187.83999633789062,249.0399932861328,184.83999633789062,0.016230253513508784,-0.24574365000856255,RISE,2026-05-08T19:57:01
PPG,,109.55000305175781,118.36499786376953,100.16000366210938,0.0937499904784916,-0.0744729858581775,,2026-05-08T19:57:01
PPL,,35.90999984741211,40.10499954223633,35.75,0.004475520207331731,-0.10460041747179878,RISE,2026-05-08T19:57:01
PRU,,100.80000305175781,102.83999633789062,92.66000366210938,0.08784803656312669,-0.01983657486169311,,2026-05-08T19:57:01
PSA,,311.17999267578125,313.510009765625,263.9800109863281,0.17880134754558244,-0.0074320341209699586,DROP,2026-05-08T19:57:01
PSKY,,11.085000038146973,11.970000267028809,8.654999732971191,0.28076260891363214,-0.07393485456466999,DROP,2026-05-08T19:57:01
PSX,,171.55499267578125,190.61000061035156,153.5800018310547,0.1170399181561406,-0.09996856342035751,DROP,2026-05-08T19:57:01
PTC,,146.67999267578125,153.97999572753906,130.94000244140625,0.12020765190850227,-0.04740877551831377,DROP,2026-05-08T19:57:01
PWR,,745.0499877929688,788.75,522.030029296875,0.42721672313847636,-0.0554041359201664,DROP,2026-05-08T19:57:01
PYPL,,45.369998931884766,52.290000915527344,43.54999923706055,0.04179103850076351,-0.1323389149451651,RISE,2026-05-08T19:57:01
Q,,147.35499572753906,151.36000061035156,106.16999816894531,0.387915590740213,-0.02646012729031792,DROP,2026-05-08T19:57:01
QCOM,,219.13999938964844,228.0399932861328,121.98999786376953,0.7963767786468009,-0.03902821504347758,DROP,2026-05-08T19:57:01
RCL,,275.1400146484375,304.3999938964844,250.3800048828125,0.09888972474944091,-0.09612345543606401,,2026-05-08T19:57:01
REG,,77.58000183105469,81.65499877929688,73.97000122070312,0.04880357646041482,-0.04990505185428253,,2026-05-08T19:57:01
REGN,,714.8699951171875,781.2100219726562,668.844970703125,0.06881269416689875,-0.08491957986912611,,2026-05-08T19:57:01
RF,,27.6299991607666,28.729999542236328,25.024999618530273,0.10409588739043987,-0.038287518238648156,DROP,2026-05-08T19:57:01
RJF,,154.3300018310547,161.0800018310547,138.82000732421875,0.11172737133352709,-0.04190464317898129,DROP,2026-05-08T19:57:01
RL,,358.3800048828125,393.4100036621094,324.340087890625,0.10495130963788402,-0.08904196246464367,DROP,2026-05-08T19:57:01
RMD,,206.6699981689453,234.90499877929688,198.63999938964844,0.040424883225786676,-0.1201975298826209,RISE,2026-05-08T19:57:01
ROK,,453.8699951171875,463.4849853515625,347.5299987792969,0.3059879627986392,-0.02074498751471278,DROP,2026-05-08T19:57:01
ROL,,53.810001373291016,57.439998626708984,52.31999969482422,0.02847862551907079,-0.06319633252445898,,2026-05-08T19:57:01
ROP,,343.2099914550781,380.19500732421875,340.67999267578125,0.007426320399462458,-0.09727906773273572,,2026-05-08T19:57:01
ROST,,225.8000030517578,231.16000366210938,207.47999572753906,0.0882977043641182,-0.023187404937864465,,2026-05-08T19:57:01
RSG,,200.02000427246094,224.9884033203125,198.24000549316406,0.008979008928438791,-0.11097638224626377,RISE,2026-05-08T19:57:01
RTX,,176.08999633789062,205.36000061035156,171.19500732421875,0.028593059401559935,-0.14253021126542365,RISE,2026-05-08T19:57:01
RVTY,,101.02999877929688,102.2300033569336,81.22000122070312,0.24390540828438384,-0.011738281700401903,DROP,2026-05-08T19:57:01
SATS,,127.04499816894531,137.44000244140625,110.05000305175781,0.15442975598278316,-0.07563303323493872,DROP,2026-05-08T19:57:01
SBAC,,218.1699981689453,224.27000427246094,165.00999450683594,0.3221623261123561,-0.027199384613667974,DROP,2026-05-08T19:57:01
SBUX,,104.93900299072266,107.55000305175781,85.5999984741211,0.22592295398753076,-0.024277080306344834,DROP,2026-05-08T19:57:01
SCHW,,88.62000274658203,100.75900268554688,87.83999633789062,0.008879854749663086,-0.1204755864530415,RISE,2026-05-08T19:57:01
SHW,,316.75,350.5899963378906,307.04998779296875,0.031590987111751886,-0.09652299464151398,,2026-05-08T19:57:01
SJM,,99.22000122070312,100.3499984741211,88.25,0.12430596284082861,-0.011260560743400308,DROP,2026-05-08T19:57:01
SLB,,53.2599983215332,57.20000076293945,48.834999084472656,0.09061122801305628,-0.06888116064430236,,2026-05-08T19:57:01
SMCI,,35.369998931884766,35.63999938964844,20.709999084472656,0.7078706178409955,-0.007575770549594705,DROP,2026-05-08T19:57:01
SNA,,373.8800048828125,400.8800048828125,355.3800048828125,0.052056952405356696,-0.06735182516247672,,2026-05-08T19:57:01
SNDK,,1562.3399658203125,1559.9344482421875,558.58251953125,1.7969725352869856,0.001542063245565003,DROP,2026-05-08T19:57:01
SNPS,,516.3300170898438,519.1099853515625,379.5,0.3605534047163208,-0.005355258693080315,DROP,2026-05-08T19:57:01
SO,,91.80000305175781,98.48999786376953,91.5999984741211,0.0021834561241092618,-0.06792562653179522,,2026-05-08T19:57:01
SOLV,,73.37999725341797,73.37000274658203,62.380001068115234,0.1763385058825407,0.00013622061417195596,DROP,2026-05-08T19:57:01
SPG,,202.1300048828125,208.27999877929688,179.13999938964844,0.12833541125094217,-0.029527529923798364,DROP,2026-05-08T19:57:01
SPGI,,420.0350036621094,456.70001220703125,403.3699951171875,0.04131444764522046,-0.0802824776985136,,2026-05-08T19:57:01
SRE,,91.5199966430664,101.03900146484375,89.62000274658203,0.021200556106397105,-0.09421119254716166,,2026-05-08T19:57:01
STE,,207.4600067138672,227.8699951171875,195.13999938964844,0.0631341978208097,-0.08956856471087384,,2026-05-08T19:57:01
STLD,,235.0850067138672,243.72500610351562,169.90499877929688,0.3836261934779083,-0.03544978633000354,DROP,2026-05-08T19:57:01
STT,,149.4600067138672,156.17999267578125,121.87999725341797,0.22628823500138184,-0.04302718835353184,DROP,2026-05-08T19:57:01
STX,,782.5499877929688,802.0,351.4153137207031,1.2268522663611683,-0.024251885544926747,DROP,2026-05-08T19:57:01
STZ,,148.2100067138672,168.60000610351562,146.8000030517578,0.00960492937872927,-0.12093712130193848,RISE,2026-05-08T19:57:01
SW,,41.560001373291016,43.45000076293945,36.685001373291016,0.13288809642922098,-0.04349825906701725,DROP,2026-05-08T19:57:01
SWK,,81.08000183105469,82.36000061035156,65.76000213623047,0.2329683576208959,-0.015541510075413914,DROP,2026-05-08T19:57:01
SWKS,,66.80000305175781,72.80999755859375,51.93000030517578,0.28634705679175515,-0.08254353397003485,DROP,2026-05-08T19:57:01
SYF,,73.1500015258789,80.22000122070312,64.94999694824219,0.12625103869013568,-0.08813263010770932,DROP,2026-05-08T19:57:01
SYK,,285.4700012207031,352.79998779296875,285.1700134277344,0.0010519612120605051,-0.19084463974464883,RISE,2026-05-08T19:57:01
SYY,,72.43000030517578,82.72000122070312,68.19000244140625,0.06217917160822574,-0.124395560489329,RISE,2026-05-08T19:57:01
T,,25.15999984741211,29.364999771118164,24.940000534057617,0.00882114308915371,-0.14319768283607706,RISE,2026-05-08T19:57:01
TAP,,42.41999816894531,45.52000045776367,40.63999938964844,0.043799183219236586,-0.06810198281291181,,2026-05-08T19:57:01
TDG,,1214.1400146484375,1303.06005859375,1123.6099853515625,0.08057068776275549,-0.06823940566582493,,2026-05-08T19:57:01
TDY,,621.5599975585938,687.0,579.0399780273438,0.07343192377857215,-0.09525473426696689,,2026-05-08T19:57:01
TECH,,48.369998931884766,62.470001220703125,45.1150016784668,0.0721488891126777,-0.22570837223139817,RISE,2026-05-08T19:57:01
TEL,,206.22000122070312,252.55999755859375,197.58999633789062,0.043676324929196715,-0.18348114026703607,RISE,2026-05-08T19:57:01
TER,,359.7699890136719,422.1099853515625,273.07000732421875,0.31750093149744335,-0.14768661842000622,RISE,2026-05-08T19:57:01
TFC,,49.11000061035156,52.11000061035156,44.130001068115234,0.11284838934287887,-0.05757052321745809,DROP,2026-05-08T19:57:01
TGT,,125.25,133.10000610351562,116.5,0.07510729613733906,-0.05897825502284691,,2026-05-08T19:57:01
TJX,,153.3699951171875,165.82000732421875,152.52000427246094,0.00557297941854331,-0.07508148388082281,,2026-05-08T19:57:01
TKO,,186.6999969482422,208.57000732421875,180.52699279785156,0.03419435539649719,-0.10485692864736769,RISE,2026-05-08T19:57:01
TMO,,464.989990234375,538.405029296875,455.6000061035156,0.020610149264848568,-0.13635652541800303,RISE,2026-05-08T19:57:01
TMUS,,193.57000732421875,216.35000610351562,182.00999450683594,0.06351306612972092,-0.10529234174552078,RISE,2026-05-08T19:57:01
TPL,,394.3299865722656,526.42822265625,370.4100036621094,0.0645770434752519,-0.25093304347826084,RISE,2026-05-08T19:57:01
TPR,,133.44500732421875,158.55999755859375,128.75999450683594,0.03638562455153012,-0.15839423953758633,RISE,2026-05-08T19:57:01
TRGP,,248.2899932861328,261.95001220703125,230.3800048828125,0.0777410713765311,-0.05214742616657063,,2026-05-08T19:57:01
TRMB,,60.779998779296875,70.7699966430664,59.845001220703125,0.015623653430059444,-0.14116148562440672,RISE,2026-05-08T19:57:01
TROW,,105.30999755859375,106.92500305175781,87.58999633789062,0.20230622173273932,-0.015104095834183026,DROP,2026-05-08T19:57:01
TRV,,298.1499938964844,311.5799865722656,284.6600036621094,0.04738983369924909,-0.04310287327349375,,2026-05-08T19:57:01
TSCO,,30.645000457763672,46.400001525878906,30.719999313354492,-0.002441369051665866,-0.33954742564670215,RISE,2026-05-08T19:57:01
TSLA,,428.32000732421875,431.20001220703125,337.239990234375,0.2700747827283027,-0.0066790463851604176,DROP,2026-05-08T19:57:01
TSN,,68.37999725341797,69.48419952392578,62.04999923706055,0.10201447371778063,-0.015891415286832196,DROP,2026-05-08T19:57:01
TT,,466.0799865722656,503.4700012207031,403.1400146484375,0.15612434796063496,-0.07426463256555987,DROP,2026-05-08T19:57:01
TTD,,23.06999969482422,24.864999771118164,19.739999771118164,0.16869300720956534,-0.07218982878813135,DROP,2026-05-08T19:57:01
TTWO,,220.4499969482422,227.02000427246094,187.6300048828125,0.17491867617830084,-0.028940213199598358,DROP,2026-05-08T19:57:01
TXN,,287.8900146484375,292.6400146484375,184.94500732421875,0.5566249601090907,-0.016231546481114016,DROP,2026-05-08T19:57:01
TXT,,91.0,97.61000061035156,85.61000061035156,0.06295992700876939,-0.06771847729760766,,2026-05-08T19:57:01
TYL,,324.3699951171875,366.6300048828125,314.07000732421875,0.032795197098639005,-0.11526609716281336,RISE,2026-05-08T19:57:01
UAL,,99.56999969482422,105.9800033569336,84.64230346679688,0.17636212173600777,-0.06048314265966674,DROP,2026-05-08T19:57:01
UBER,,75.45500183105469,80.83000183105469,68.45999908447266,0.1021764948893866,-0.06649758602300239,DROP,2026-05-08T19:57:01
UDR,,36.90999984741211,37.54499816894531,33.474998474121094,0.10261393666519662,-0.01691299380747955,DROP,2026-05-08T19:57:01
UHS,,169.93499755859375,189.44760131835938,159.00010681152344,0.06877285158073751,-0.10299736509714603,RISE,2026-05-08T19:57:01
ULTA,,521.5800170898438,578.6300048828125,506.3999938964844,0.02997634947930587,-0.0985949351252928,,2026-05-08T19:57:01
UNH,,379.82000732421875,379.3500061035156,255.96499633789062,0.48387479834481495,0.0012389645792568482,DROP,2026-05-08T19:57:01
UNP,,264.6099853515625,274.7900085449219,238.1300048828125,0.1111996805349297,-0.03704655510316771,DROP,2026-05-08T19:57:01
UPS,,100.75499725341797,109.83999633789062,94.05999755859375,0.07117797011055241,-0.08271121073716457,,2026-05-08T19:57:01
URI,,936.9500122070312,1001.1199951171875,709.4500122070312,0.32067093676166025,-0.06409819324669941,DROP,2026-05-08T19:57:01
USB,,55.529998779296875,58.04999923706055,50.5,0.09960393622370049,-0.043410861169397595,,2026-05-08T19:57:01
V,,318.75,341.9800109863281,293.8900146484375,0.0845894181920436,-0.06792797894628066,,2026-05-08T19:57:01
VEEV,,166.3300018310547,178.99000549316406,148.0500030517578,0.12347178927720957,-0.07073022668068962,DROP,2026-05-08T19:57:01
VICI,,28.825000762939453,29.989999771118164,26.549999237060547,0.08568744223176032,-0.03884624931876998,,2026-05-08T19:57:01
VLO,,241.0500030517578,258.4299011230469,214.7100067138672,0.12267707845118073,-0.0672518853111116,DROP,2026-05-08T19:57:01
VLTO,,86.83000183105469,92.75399780273438,84.98999786376953,0.02164965305958118,-0.06386782361962029,,2026-05-08T19:57:01
VMC,,283.7300109863281,306.29998779296875,260.9200134277344,0.08742141800062153,-0.07368585604350693,,2026-05-08T19:57:01
VRSK,,171.8800048828125,192.42999267578125,161.6999969482422,0.06295614178538782,-0.10679202086544132,RISE,2026-05-08T19:57:01
VRSN,,288.2200012207031,288.8900146484375,245.47999572753906,0.17410789570243296,-0.0023192682119862907,DROP,2026-05-08T19:57:01
VRT,,339.92498779296875,359.8399963378906,231.6999969482422,0.4670910326723145,-0.05534406610604129,DROP,2026-05-08T19:57:01
VRTX,,429.7799987792969,453.9800109863281,412.2699890136719,0.04247219111804989,-0.053306338652342224,,2026-05-08T19:57:01
VST,,147.72999572753906,168.49000549316406,142.33999633789062,0.037867075511604675,-0.12321211400558278,RISE,2026-05-08T19:57:01
VTR,,87.2750015258789,88.5,79.37000274658203,0.099596806170418,-0.013841790668034957,,2026-05-08T19:57:01
VTRS,,17.190000534057617,17.530000686645508,12.869999885559082,0.33566438903747287,-0.019395330249296877,DROP,2026-05-08T19:57:01
VZ,,47.22999954223633,51.45000076293945,44.27000045776367,0.06686241368568946,-0.08202140249029662,,2026-05-08T19:57:01
WAB,,265.8399963378906,275.8399963378906,236.50999450683594,0.1240116803191036,-0.03625290071331963,DROP,2026-05-08T19:57:01
WAT,,355.1499938964844,356.989990234375,287.19000244140625,0.23663773417371525,-0.00515419588286666,DROP,2026-05-08T19:57:01
WBD,,27.094999313354492,27.760000228881836,26.600000381469727,0.018608982134812116,-0.023955364194682853,,2026-05-08T19:57:01
WDAY,,127.8499984741211,133.36000061035156,110.36000061035156,0.15848131358318426,-0.04131675248209901,DROP,2026-05-08T19:57:01
WDC,,480.0,483.7900085449219,249.05999755859375,0.9272464655311634,-0.007833995076336838,DROP,2026-05-08T19:57:01
WEC,,111.69000244140625,119.62000274658203,111.37000274658203,0.002873302387828482,-0.06629326302537951,,2026-05-08T19:57:01
WELL,,214.6300048828125,219.585693359375,194.27499389648438,0.1047742201818001,-0.02256835771377872,DROP,2026-05-08T19:57:01
WFC,,75.63999938964844,86.69999694824219,75.71499633789062,-0.0009905164349147068,-0.12756629697687652,RISE,2026-05-08T19:57:01
WM,,215.38999938964844,236.11500549316406,215.00999450683594,0.0017673824125437028,-0.08777504868963379,,2026-05-08T19:57:01
WMB,,71.94999694824219,77.41000366210938,69.33110046386719,0.037773761945980824,-0.07053360619513509,,2026-05-08T19:57:01
WMT,,130.3800048828125,133.3699951171875,121.33000183105469,0.07458998528953656,-0.022418762419146834,,2026-05-08T19:57:01
WRB,,65.69000244140625,68.72000122070312,64.61000061035156,0.016715706869714127,-0.04409194885730057,,2026-05-08T19:57:01
WSM,,182.11000061035156,208.73500061035156,174.50999450683594,0.04355054921062367,-0.127554075368995,RISE,2026-05-08T19:57:01
WST,,325.9200134277344,328.44000244140625,240.16000366210938,0.35709530503790365,-0.007672600764035865,DROP,2026-05-08T19:57:01
WTW,,256.3299865722656,300.9800109863281,246.60499572753906,0.039435498117285486,-0.14834880319042418,RISE,2026-05-08T19:57:01
WY,,23.524999618530273,25.799999237060547,23.350000381469727,0.007494613884435913,-0.08817828239554124,,2026-05-08T19:57:01
WYNN,,102.41000366210938,111.97000122070312,96.13999938964844,0.06521743615837843,-0.08537998976842127,,2026-05-08T19:57:01
XEL,,79.37000274658203,83.8499984741211,77.3499984741211,0.02611511715978596,-0.053428691819496436,,2026-05-08T19:57:01
XOM,,144.39999389648438,176.41000366210938,141.97000122070312,0.017116240437327616,-0.1814523502132909,RISE,2026-05-08T19:57:01
XYL,,113.73999786376953,130.17999267578125,113.44999694824219,0.0025562002937703655,-0.1262866472343121,RISE,2026-05-08T19:57:01
XYZ,,74.86000061035156,77.16000366210938,55.86000061035156,0.34013605070528874,-0.029808228908719776,DROP,2026-05-08T19:57:01
YUM,,151.94000244140625,164.16000366210938,151.8300018310547,0.0007244985116575519,-0.07443957692554369,,2026-05-08T19:57:01
ZBH,,82.33000183105469,97.80500030517578,79.83000183105469,0.03131654694548027,-0.15822297863948953,RISE,2026-05-08T19:57:01
ZBRA,,226.02999877929688,243.69000244140625,199.0500030517578,0.13554380966537144,-0.0724691349057523,DROP,2026-05-08T19:57:01
ZTS,,82.81999969482422,123.31999969482422,81.0999984741211,0.021208400161092177,-0.32841388339461536,RISE,2026-05-08T19:57:01
